<filetype binary="false" description="Scrolls" name="Scrolls">
  <highlighting>
    <options>
      <option name="LINE_COMMENT" value="#" />
      <option name="COMMENT_START" value="" />
      <option name="COMMENT_END" value="" />
      <option name="HEX_PREFIX" value="" />
      <option name="NUM_POSTFIXES" value="" />
      <option name="HAS_BRACES" value="true" />
      <option name="HAS_PARENS" value="true" />
      <option name="HAS_STRING_ESCAPES" value="true" />
    </options>
    <keywords keywords="$;$^;global;input;nonlocal;print;return;set;stop;unset" ignore_case="false" />
    <keywords2 keywords="!def;!for;!if;!repeat;!while" />
    <keywords3 />
    <keywords4 />
  </highlighting>
  <extensionMap>
    <mapping ext="scrl" />
  </extensionMap>
</filetype>